{
  "timestamp": "2026-06-10T09:19:26.788819",
  "method": "sigmoid_platt_scaling",
  "base_estimator": "LogisticRegression(C=1.0, multinomial)",
  "n_total": 265,
  "n_train": 212,
  "n_val": 53,
  "raw_calibration": {
    "H": {
      "avg_pred": 0.39522139329349437,
      "actual_rate": 0.4377358490566038,
      "gap_pp": 4.2514455763109416,
      "brier": 0.21784169638056575
    },
    "D": {
      "avg_pred": 0.29724430393466844,
      "actual_rate": 0.2943396226415094,
      "gap_pp": -0.2904681293159017,
      "brier": 0.18821107965936956
    },
    "A": {
      "avg_pred": 0.3075343027718371,
      "actual_rate": 0.2679245283018868,
      "gap_pp": -3.9609774469950287,
      "brier": 0.2098254320185574
    },
    "overall_brier": 0.20529273601949757
  },
  "calibrated_cv": {
    "H": {
      "avg_pred": 0.2664043532012262,
      "actual_rate": 0.4377358490566038,
      "gap_pp": 17.133149585537762,
      "brier": 0.28366207743740357
    },
    "D": {
      "avg_pred": 0.29691548170430276,
      "actual_rate": 0.2943396226415094,
      "gap_pp": -0.257585906279334,
      "brier": 0.1697066148610659
    },
    "A": {
      "avg_pred": 0.43668016509447105,
      "actual_rate": 0.2679245283018868,
      "gap_pp": -16.875563679258427,
      "brier": 0.26005494560919207
    },
    "overall_brier": 0.23780787930255384
  },
  "calibrated_val": {
    "H": {
      "avg_pred": 0.2599193327137025,
      "actual_rate": 0.5471698113207547,
      "gap_pp": 28.72504786070522,
      "brier": 0.34850478776783184
    },
    "D": {
      "avg_pred": 0.24646824170061957,
      "actual_rate": 0.22641509433962265,
      "gap_pp": -2.005314736099692,
      "brier": 0.15624802393331458
    },
    "A": {
      "avg_pred": 0.49361242558567797,
      "actual_rate": 0.22641509433962265,
      "gap_pp": -26.719733124605533,
      "brier": 0.28750411856227825
    },
    "overall_brier": 0.26408564342114155
  },
  "model_params": {
    "coef_shape": [
      [
        0.11035059597788366,
        0.08988205408147308,
        -0.27047119184528623
      ],
      [
        -0.028178008401381432,
        1.559341004425776,
        0.9803313142085236
      ],
      [
        -0.0821725875765035,
        -1.6492230585072551,
        -0.70986012236324
      ]
    ],
    "intercept": [
      -0.15962283379399067,
      1.921437927707649,
      -1.761815093913642
    ]
  }
}