{
  "type": "wc2026_champ_runnerup_strategy",
  "ts": "2026-06-02T02:53:39.576176",
  "sims": 200000,
  "champ_prob": {
    "Brazil": 0.07505,
    "France": 0.13515,
    "Morocco": 0.012935,
    "Netherlands": 0.03841,
    "Portugal": 0.068705,
    "England": 0.112675,
    "Spain": 0.20576,
    "Argentina": 0.13684,
    "United States": 0.017245,
    "Scotland": 0.000595,
    "Germany": 0.047865,
    "Mexico": 0.02327,
    "Ecuador": 0.00573,
    "Bosnia and Herzegovina": 2.5e-05,
    "Belgium": 0.01045,
    "Algeria": 0.000615,
    "Norway": 0.01863,
    "Japan": 0.01349,
    "Sweden": 0.00124,
    "Switzerland": 0.00878,
    "Canada": 0.02193,
    "Uruguay": 0.006815,
    "Colombia": 0.01888,
    "Paraguay": 0.00048,
    "Austria": 0.00352,
    "Croatia": 0.006635,
    "Senegal": 0.003605,
    "Ivory Coast": 0.000875,
    "Turkey": 0.00214,
    "Czech Republic": 0.0003,
    "Australia": 0.00034,
    "South Korea": 0.000235,
    "Tunisia": 0.0001,
    "DR Congo": 8.5e-05,
    "Egypt": 0.00025,
    "Uzbekistan": 7e-05,
    "New Zealand": 3e-05,
    "Iran": 0.0002,
    "Iraq": 5e-06,
    "Ghana": 2e-05,
    "Saudi Arabia": 5e-06,
    "South Africa": 1e-05,
    "Panama": 5e-06,
    "Cape Verde": 5e-06
  },
  "runner_prob": {
    "France": 0.09536,
    "Switzerland": 0.02141,
    "Netherlands": 0.05537,
    "Sweden": 0.005495,
    "Brazil": 0.075115,
    "Germany": 0.06221,
    "Belgium": 0.024085,
    "England": 0.090905,
    "Norway": 0.03509,
    "Argentina": 0.09811,
    "Colombia": 0.03446,
    "Portugal": 0.0717,
    "Mexico": 0.024015,
    "Morocco": 0.025905,
    "Uruguay": 0.0187,
    "Ecuador": 0.01583,
    "Croatia": 0.01826,
    "Spain": 0.10499,
    "Canada": 0.02246,
    "Japan": 0.027945,
    "Austria": 0.01111,
    "Iran": 0.001465,
    "Ivory Coast": 0.004515,
    "United States": 0.0176,
    "Australia": 0.002055,
    "Ghana": 0.00019,
    "Turkey": 0.008455,
    "Senegal": 0.011125,
    "Uzbekistan": 0.00064,
    "Egypt": 0.001365,
    "Algeria": 0.00267,
    "Paraguay": 0.002595,
    "Scotland": 0.00353,
    "Tunisia": 0.000635,
    "South Korea": 0.001165,
    "Panama": 0.000105,
    "Czech Republic": 0.001465,
    "New Zealand": 0.000285,
    "DR Congo": 0.000775,
    "Saudi Arabia": 0.000115,
    "Bosnia and Herzegovina": 0.00025,
    "Jordan": 0.000195,
    "South Africa": 0.00017,
    "Cape Verde": 6e-05,
    "Haiti": 1e-05,
    "Iraq": 2.5e-05,
    "Qatar": 1e-05,
    "Curaçao": 5e-06
  },
  "winner_odds": {
    "France": 5.5,
    "Spain": 5.5,
    "England": 7.0,
    "Brazil": 9.0,
    "Argentina": 9.0,
    "Portugal": 11.0,
    "Germany": 13.0,
    "Netherlands": 19.0,
    "Belgium": 34.0,
    "Norway": 26.0,
    "Colombia": 34.0,
    "Morocco": 51.0,
    "Uruguay": 51.0,
    "USA": 51.0,
    "Switzerland": 51.0,
    "Japan": 51.0,
    "Ecuador": 81.0,
    "Croatia": 81.0,
    "Mexico": 67.0,
    "Senegal": 91.0,
    "Turkey": 81.0,
    "Sweden": 67.0,
    "Austria": 101.0,
    "Scotland": 151.0,
    "Canada": 101.0,
    "Czech Republic": 201.0,
    "Ivory Coast": 81.0,
    "Ghana": 251.0,
    "Egypt": 301.0,
    "Paraguay": 151.0,
    "Algeria": 301.0,
    "South Korea": 301.0,
    "Tunisia": 501.0,
    "Bosnia & Herzegovina": 201.0,
    "Australia": 501.0,
    "Iran": 501.0,
    "DR Congo": 751.0,
    "South Africa": 501.0,
    "Cape Verde": 1000.0,
    "Saudi Arabia": 1000.0,
    "Panama": 1000.0,
    "Uzbekistan": 1000.0,
    "Qatar": 1000.0,
    "New Zealand": 1000.0,
    "Iraq": 1000.0,
    "Haiti": 1000.0,
    "Curacao": 1000.0,
    "Jordan": 1000.0,
    "Italy": 1000.0,
    "Denmark": 1000.0,
    "Poland": 1000.0,
    "Bolivia": 1000.0,
    "Jamaica": 1000.0,
    "Kosovo": 1000.0
  },
  "tier1": [
    [
      "Canada",
      0.02193,
      101.0,
      1.21493,
      0.012149
    ],
    [
      "Mexico",
      0.02327,
      67.0,
      0.55909,
      0.008471
    ],
    [
      "Argentina",
      0.13684,
      9.0,
      0.23156,
      0.028945
    ],
    [
      "Spain",
      0.20576,
      5.5,
      0.13168,
      0.029262
    ]
  ],
  "tier2": []
}