{
  "type": "wc2026_final_stable",
  "ts": "2026-07-02T06:07:40.234562",
  "feature_dim": 29,
  "feature_set": "20+3_golden",
  "dc_weight": "dynamic_entropy",
  "xgb_weight": "dynamic_entropy",
  "market_weight": 0.4,
  "optuna_params": {
    "max_depth": 4,
    "learning_rate": 0.03218571685398262,
    "n_estimators": 369,
    "reg_alpha": 3.0540401601028355,
    "reg_lambda": 2.694513099210833,
    "colsample_bytree": 0.4500553009276969,
    "subsample": 0.6426882390232543,
    "min_child_weight": 8.22712251093365
  },
  "bracket_mode": "official",
  "validation": {
    "acc": 0.6183524504692388,
    "nll": 0.8024758906983096,
    "brier": 0.15671884300105965,
    "brier_calibrated": 0.14657353511576796
  },
  "backtest_wc2022": {
    "n": 64,
    "dc_acc": 0.578125,
    "hybrid_acc": 0.578125,
    "dc_brier": 0.1841489226994998,
    "hybrid_brier": 0.1781093126815342
  },
  "sims": 200000,
  "market_odds": true,
  "summary": {
    "validation_acc": 0.6183524504692388,
    "validation_brier": 0.15671884300105965,
    "backtest_hybrid_brier": 0.1781093126815342,
    "top1_team": "Argentina",
    "top3_teams": [
      "Argentina",
      "Spain",
      "England"
    ],
    "bracket_info": "official (official=True)",
    "host_bonus_info": "{'United States': 0.1445, 'Mexico': 0.1, 'Canada': 0.07}"
  },
  "champ_prob": {
    "Germany": 0.05501,
    "England": 0.08343,
    "Switzerland": 0.017785,
    "Colombia": 0.035095,
    "United States": 0.03415,
    "Spain": 0.11206,
    "Argentina": 0.138615,
    "Canada": 0.02076,
    "Netherlands": 0.04474,
    "Morocco": 0.039055,
    "Ecuador": 0.025615,
    "France": 0.06601,
    "Scotland": 0.004625,
    "Portugal": 0.05316,
    "Croatia": 0.01462,
    "Norway": 0.02696,
    "Mexico": 0.032555,
    "Senegal": 0.007305,
    "Japan": 0.04424,
    "Belgium": 0.02691,
    "Brazil": 0.04925,
    "Bosnia and Herzegovina": 0.0008,
    "Egypt": 0.002915,
    "South Korea": 0.005405,
    "Uruguay": 0.00967,
    "Ivory Coast": 0.004685,
    "Paraguay": 0.002575,
    "Austria": 0.01051,
    "Turkey": 0.00808,
    "Sweden": 0.00267,
    "Czech Republic": 0.00363,
    "Iran": 0.00373,
    "Australia": 0.003705,
    "Algeria": 0.00575,
    "Uzbekistan": 0.000645,
    "DR Congo": 0.001065,
    "New Zealand": 0.00018,
    "South Africa": 0.0008,
    "Iraq": 0.00012,
    "Cape Verde": 0.00014,
    "Saudi Arabia": 0.000305,
    "Tunisia": 0.0002,
    "Qatar": 8e-05,
    "Jordan": 4.5e-05,
    "Ghana": 0.000195,
    "Haiti": 3.5e-05,
    "Panama": 0.0001,
    "Cura\u00e7ao": 1.5e-05
  },
  "runner_prob": {
    "United States": 0.03446,
    "France": 0.05559,
    "Portugal": 0.05284,
    "Argentina": 0.083025,
    "Ecuador": 0.033485,
    "England": 0.065025,
    "Turkey": 0.013855,
    "Algeria": 0.009935,
    "Canada": 0.023605,
    "Brazil": 0.049745,
    "Netherlands": 0.044725,
    "Scotland": 0.00871,
    "Colombia": 0.03959,
    "Croatia": 0.023555,
    "Belgium": 0.03425,
    "Senegal": 0.01338,
    "Spain": 0.07659,
    "Cape Verde": 0.000545,
    "Morocco": 0.04033,
    "Germany": 0.05476,
    "Norway": 0.032265,
    "Egypt": 0.006685,
    "Austria": 0.016825,
    "Paraguay": 0.00564,
    "Mexico": 0.02966,
    "Japan": 0.04422,
    "Ivory Coast": 0.010335,
    "Czech Republic": 0.007495,
    "South Korea": 0.010465,
    "Switzerland": 0.0274,
    "Iran": 0.007735,
    "Bosnia and Herzegovina": 0.002325,
    "Ghana": 0.000585,
    "Sweden": 0.005845,
    "Australia": 0.008375,
    "Uruguay": 0.01615,
    "DR Congo": 0.00258,
    "Uzbekistan": 0.00199,
    "Saudi Arabia": 0.001045,
    "South Africa": 0.001755,
    "Panama": 0.00036,
    "New Zealand": 0.000635,
    "Tunisia": 0.00079,
    "Jordan": 8.5e-05,
    "Iraq": 0.0004,
    "Qatar": 0.00017,
    "Cura\u00e7ao": 4.5e-05,
    "Haiti": 0.00014
  },
  "round_prob": {
    "Canada": {
      "R16": 0.41778,
      "QF": 0.16473,
      "SF": 0.094455,
      "Final": 0.044365,
      "Champion": 0.02076,
      "Runner": 0.023605
    },
    "Germany": {
      "R16": 0.664215,
      "QF": 0.37787,
      "SF": 0.208545,
      "Final": 0.10977,
      "Champion": 0.05501,
      "Runner": 0.05476
    },
    "Netherlands": {
      "R16": 0.52533,
      "QF": 0.335795,
      "SF": 0.171545,
      "Final": 0.089465,
      "Champion": 0.04474,
      "Runner": 0.044725
    },
    "Japan": {
      "R16": 0.514245,
      "QF": 0.321955,
      "SF": 0.165595,
      "Final": 0.08846,
      "Champion": 0.04424,
      "Runner": 0.04422
    },
    "Egypt": {
      "R16": 0.288145,
      "QF": 0.090235,
      "SF": 0.03158,
      "Final": 0.0096,
      "Runner": 0.006685,
      "Champion": 0.002915
    },
    "Ecuador": {
      "R16": 0.52784,
      "QF": 0.24709,
      "SF": 0.12104,
      "Final": 0.0591,
      "Runner": 0.033485,
      "Champion": 0.025615
    },
    "Mexico": {
      "R16": 0.56705,
      "QF": 0.2508,
      "SF": 0.14099,
      "Final": 0.062215,
      "Champion": 0.032555,
      "Runner": 0.02966
    },
    "England": {
      "R16": 0.70347,
      "QF": 0.4538,
      "SF": 0.262685,
      "Final": 0.148455,
      "Champion": 0.08343,
      "Runner": 0.065025
    },
    "Turkey": {
      "R16": 0.40712,
      "QF": 0.16465,
      "SF": 0.06061,
      "Final": 0.021935,
      "Runner": 0.013855,
      "Champion": 0.00808
    },
    "Belgium": {
      "R16": 0.616765,
      "QF": 0.336835,
      "SF": 0.13707,
      "Final": 0.06116,
      "Runner": 0.03425,
      "Champion": 0.02691
    },
    "Colombia": {
      "R16": 0.54004,
      "QF": 0.29203,
      "SF": 0.151655,
      "Final": 0.074685,
      "Champion": 0.035095,
      "Runner": 0.03959
    },
    "Spain": {
      "R16": 0.683895,
      "QF": 0.44223,
      "SF": 0.304555,
      "Final": 0.18865,
      "Champion": 0.11206,
      "Runner": 0.07659
    },
    "Switzerland": {
      "R16": 0.58108,
      "QF": 0.26139,
      "SF": 0.110465,
      "Final": 0.045185,
      "Champion": 0.017785,
      "Runner": 0.0274
    },
    "Argentina": {
      "R16": 0.732325,
      "QF": 0.520545,
      "SF": 0.35756,
      "Final": 0.22164,
      "Runner": 0.083025,
      "Champion": 0.138615
    },
    "Ghana": {
      "R16": 0.06839,
      "QF": 0.016145,
      "SF": 0.004165,
      "Final": 0.00078,
      "Runner": 0.000585,
      "Champion": 0.000195
    },
    "United States": {
      "R16": 0.421625,
      "QF": 0.222025,
      "SF": 0.118425,
      "Final": 0.06861,
      "Runner": 0.03446,
      "Champion": 0.03415
    },
    "Bosnia and Herzegovina": {
      "R16": 0.16701,
      "QF": 0.04832,
      "SF": 0.012045,
      "Final": 0.003125,
      "Champion": 0.0008,
      "Runner": 0.002325
    },
    "Morocco": {
      "R16": 0.493335,
      "QF": 0.29422,
      "SF": 0.152085,
      "Final": 0.079385,
      "Champion": 0.039055,
      "Runner": 0.04033
    },
    "France": {
      "R16": 0.662595,
      "QF": 0.368405,
      "SF": 0.212755,
      "Final": 0.1216,
      "Runner": 0.05559,
      "Champion": 0.06601
    },
    "Senegal": {
      "R16": 0.336655,
      "QF": 0.13707,
      "SF": 0.05495,
      "Final": 0.020685,
      "Runner": 0.01338,
      "Champion": 0.007305
    },
    "South Korea": {
      "R16": 0.365935,
      "QF": 0.135895,
      "SF": 0.043265,
      "Final": 0.01587,
      "Champion": 0.005405,
      "Runner": 0.010465
    },
    "Czech Republic": {
      "R16": 0.284375,
      "QF": 0.10091,
      "SF": 0.03251,
      "Final": 0.011125,
      "Runner": 0.007495,
      "Champion": 0.00363
    },
    "Uzbekistan": {
      "R16": 0.09996,
      "QF": 0.030065,
      "SF": 0.008775,
      "Final": 0.002635,
      "Champion": 0.000645,
      "Runner": 0.00199
    },
    "Austria": {
      "R16": 0.33931,
      "QF": 0.16521,
      "SF": 0.071255,
      "Final": 0.027335,
      "Runner": 0.016825,
      "Champion": 0.01051
    },
    "Norway": {
      "R16": 0.49791,
      "QF": 0.248595,
      "SF": 0.12232,
      "Final": 0.059225,
      "Champion": 0.02696,