{
  "type": "wc2026_final_stable",
  "ts": "2026-05-31T06:06:37.353851",
  "feature_dim": 23,
  "feature_set": "20+3_golden (15base+5gold+3odds)",
  "dc_weight": 0.4,
  "xgb_weight": 0.6,
  "optuna_params": {
    "max_depth": 4,
    "learning_rate": 0.03218571685398262,
    "n_estimators": 369,
    "reg_alpha": 3.0540401601028355,
    "reg_lambda": 2.694513099210833,
    "colsample_bytree": 0.4500553009276969,
    "subsample": 0.6426882390232543,
    "min_child_weight": 8.22712251093365
  },
  "validation": {
    "acc": 0.631,
    "nll": 0.777410843395573,
    "brier": 0.4582992778547914
  },
  "backtest_wc2022": {
    "n": 64,
    "dc_acc": 0.546875,
    "hybrid_acc": 0.546875,
    "dc_brier": 0.20351403481976824,
    "hybrid_brier": 0.2010520953279019
  },
  "sims": 50000,
  "market_odds": true,
  "champs": [
    [
      "Spain",
      7846,
      15.692
    ],
    [
      "Argentina",
      5790,
      11.58
    ],
    [
      "France",
      5708,
      11.416
    ],
    [
      "England",
      5130,
      10.26
    ],
    [
      "Brazil",
      3661,
      7.321999999999999
    ],
    [
      "Portugal",
      3376,
      6.752
    ],
    [
      "Germany",
      2781,
      5.562
    ],
    [
      "Netherlands",
      2405,
      4.81
    ],
    [
      "Colombia",
      1356,
      2.7119999999999997
    ],
    [
      "Norway",
      1338,
      2.6759999999999997
    ],
    [
      "Mexico",
      1135,
      2.27
    ],
    [
      "Canada",
      1118,
      2.236
    ],
    [
      "Japan",
      1060,
      2.12
    ],
    [
      "Morocco",
      984,
      1.968
    ],
    [
      "Belgium",
      939,
      1.8780000000000001
    ],
    [
      "United States",
      870,
      1.7399999999999998
    ],
    [
      "Switzerland",
      731,
      1.462
    ],
    [
      "Croatia",
      664,
      1.328
    ],
    [
      "Uruguay",
      648,
      1.2959999999999998
    ],
    [
      "Ecuador",
      531,
      1.0619999999999998
    ],
    [
      "Austria",
      388,
      0.776
    ],
    [
      "Senegal",
      377,
      0.754
    ],
    [
      "Turkey",
      280,
      0.5599999999999999
    ],
    [
      "Sweden",
      150,
      0.3
    ],
    [
      "Ivory Coast",
      122,
      0.244
    ],
    [
      "Scotland",
      105,
      0.21
    ],
    [
      "Paraguay",
      83,
      0.166
    ],
    [
      "Algeria",
      77,
      0.154
    ],
    [
      "Australia",
      64,
      0.128
    ],
    [
      "Iran",
      52,
      0.104
    ]
  ]
}