{"SE Palmeiras": [0.8333333333333334, 1.3333333333333333, 0.5, 0.8333333333333334], "Cuiab\u00e1 EC": [0.25, 0.5, 0.9166666666666666, -0.4166666666666667], "Am\u00e9rica FC": [0.20833333333333334, 1.0833333333333333, 2.25, -1.1666666666666667], "Fluminense FC": [0.5416666666666666, 1.5, 1.4166666666666667, 0.08333333333333333], "Fortaleza EC": [0.5833333333333334, 1.4166666666666667, 1.4166666666666667, 0.0], "SC Internacional": [0.5833333333333334, 1.5, 1.1666666666666667, 0.3333333333333333], "CA Paranaense": [0.5833333333333334, 1.3333333333333333, 0.9166666666666666, 0.4166666666666667], "Goi\u00e1s EC": [0.3333333333333333, 0.9166666666666666, 1.3333333333333333, -0.4166666666666667], "RB Bragantino": [0.5833333333333334, 1.6666666666666667, 1.0833333333333333, 0.5833333333333334], "EC Bahia": [0.4583333333333333, 1.5833333333333333, 1.6666666666666667, -0.08333333333333333], "Botafogo FR": [0.5833333333333334, 1.9166666666666667, 1.6666666666666667, 0.25], "S\u00e3o Paulo FC": [0.2916666666666667, 1.0833333333333333, 1.4166666666666667, -0.3333333333333333], "CA Mineiro": [0.5416666666666666, 1.25, 1.0833333333333333, 0.16666666666666666], "CR Vasco da Gama": [0.4583333333333333, 1.1666666666666667, 1.5833333333333333, -0.4166666666666667], "SC Corinthians Paulista": [0.5, 1.0, 1.0833333333333333, -0.08333333333333333], "Cruzeiro EC": [0.625, 1.4166666666666667, 1.1666666666666667, 0.25], "CR Flamengo": [0.7083333333333334, 1.8333333333333333, 1.0, 0.8333333333333334], "Coritiba FBC": [0.5, 1.3333333333333333, 1.5, -0.16666666666666666], "Gr\u00eamio FBPA": [0.4166666666666667, 0.8333333333333334, 1.0833333333333333, -0.25], "Santos FC": [0.4583333333333333, 1.4166666666666667, 1.5, -0.08333333333333333], "Sheffield Wednesday FC": [0.25, 0.75, 1.75, -1.0], "Southampton FC": [0.875, 2.1666666666666665, 0.8333333333333334, 1.3333333333333333], "Blackburn Rovers FC": [0.4583333333333333, 0.8333333333333334, 1.0833333333333333, -0.25], "West Bromwich Albion FC": [0.5833333333333334, 1.25, 0.6666666666666666, 0.5833333333333334], "Bristol City FC": [0.375, 1.0, 1.4166666666666667, -0.4166666666666667], "Preston North End FC": [0.3333333333333333, 1.1666666666666667, 2.0, -0.8333333333333334], "Middlesbrough FC": [0.4166666666666667, 1.25, 1.1666666666666667, 0.08333333333333333], "Millwall FC": [0.5833333333333334, 1.1666666666666667, 0.8333333333333334, 0.3333333333333333], "Norwich City FC": [0.6666666666666666, 1.5, 1.0, 0.5], "Hull City AFC": [0.5416666666666666, 1.1666666666666667, 1.0833333333333333, 0.08333333333333333], "Plymouth Argyle FC": [0.4583333333333333, 1.25, 1.6666666666666667, -0.4166666666666667], "Huddersfield Town AFC": [0.2916666666666667, 0.6666666666666666, 1.8333333333333333, -1.1666666666666667], "Watford FC": [0.2916666666666667, 0.8333333333333334, 2.0833333333333335, -1.25], "Queens Park Rangers FC": [0.3333333333333333, 1.25, 1.75, -0.5], "Stoke City FC": [0.25, 1.0833333333333333, 2.0, -0.9166666666666666], "Rotherham United FC": [0.25, 0.5833333333333334, 1.9166666666666667, -1.3333333333333333], "Swansea City AFC": [0.5416666666666666, 1.4166666666666667, 1.5833333333333333, -0.16666666666666666], "Birmingham City FC": [0.4583333333333333, 1.0, 1.0833333333333333, -0.08333333333333333], "Leicester City FC": [0.4166666666666667, 0.9166666666666666, 1.1666666666666667, -0.25], "Coventry City FC": [0.7916666666666666, 2.25, 0.6666666666666666, 1.5833333333333333], "Leeds United FC": [0.5416666666666666, 1.0833333333333333, 0.9166666666666666, 0.16666666666666666], "Cardiff City FC": [0.2916666666666667, 0.9166666666666666, 1.5, -0.5833333333333334], "Sunderland AFC": [0.5416666666666666, 1.25, 1.5, -0.25], "Ipswich Town FC": [0.6666666666666666, 1.6666666666666667, 1.0833333333333333, 0.5833333333333334], "Burnley FC": [0.16666666666666666, 0.8333333333333334, 2.0, -1.1666666666666667], "Manchester City FC": [0.75, 1.9166666666666667, 0.9166666666666666, 1.0], "UD Almer\u00eda": [0.375, 1.5, 1.75, -0.25], "Rayo Vallecano de Madrid": [0.625, 1.25, 1.0, 0.25], "Sevilla FC": [0.375, 1.0, 1.5833333333333333, -0.5833333333333334], "Valencia CF": [0.5833333333333334, 1.5833333333333333, 1.3333333333333333, 0.25], "OGC Nice": [0.3333333333333333, 0.8333333333333334, 1.6666666666666667, -0.8333333333333334], "Lille OSC": [0.7916666666666666, 1.4166666666666667, 0.5, 0.9166666666666666], "FC Volendam": [0.3333333333333333, 0.9166666666666666, 1.5, -0.5833333333333334], "SBV Vitesse": [0.3333333333333333, 1.1666666666666667, 2.3333333333333335, -1.1666666666666667], "Sporting Clube de Braga": [0.625, 1.5833333333333333, 1.3333333333333333, 0.25], "FC Famalic\u00e3o": [0.75, 1.25, 0.6666666666666666, 0.5833333333333334], "Arsenal FC": [0.7916666666666666, 1.75, 0.75, 1.0], "Nottingham Forest FC": [0.5416666666666666, 1.9166666666666667, 1.0833333333333333, 0.8333333333333334], "AFC Bournemouth": [0.6666666666666666, 1.25, 0.75, 0.5], "West Ham United FC": [0.4583333333333333, 1.1666666666666667, 1.3333333333333333, -0.16666666666666666], "Brighton & Hove Albion FC": [0.625, 1.5, 1.0, 0.5], "Luton Town FC": [0.625, 1.1666666666666667, 1.1666666666666667, 0.0], "Everton FC": [0.375, 1.5, 1.6666666666666667, -0.16666666666666666], "Fulham FC": [0.5416666666666666, 1.0, 0.9166666666666666, 0.08333333333333333], "Sheffield United FC": [0.4583333333333333, 1.5, 1.5, 0.0], "Crystal Palace FC": [0.4166666666666667, 1.0833333333333333, 1.5833333333333333, -0.5], "Newcastle United FC": [0.375, 1.3333333333333333, 1.5, -0.16666666666666666], "Aston Villa FC": [0.4583333333333333, 1.5833333333333333, 1.8333333333333333, -0.25], "Real Sociedad de F\u00fatbol": [0.375, 1.75, 1.9166666666666667, -0.16666666666666666], "Girona FC": [0.375, 1.0, 1.0833333333333333, -0.08333333333333333], "UD Las Palmas": [0.25, 0.8333333333333334, 1.4166666666666667, -0.5833333333333334], "RCD Mallorca": [0.5416666666666666, 1.5, 1.25, 0.25], "Athletic Club": [0.2916666666666667, 1.0833333333333333, 1.8333333333333333, -0.75], "Real Madrid CF": [0.75, 1.9166666666666667, 1.0833333333333333, 0.8333333333333334], "Olympique de Marseille": [0.5416666666666666, 1.25, 1.3333333333333333, -0.08333333333333333], "Stade de Reims": [0.3333333333333333, 0.5833333333333334, 1.0833333333333333, -0.5], "Paris Saint-Germain FC": [0.7083333333333334, 2.0833333333333335, 0.8333333333333334, 1.25], "FC Lorient": [0.4583333333333333, 1.5833333333333333, 1.5, 0.08333333333333333], "PSV": [0.7083333333333334, 2.9166666666666665, 1.5833333333333333, 1.3333333333333333], "FC Utrecht": [0.75, 1.8333333333333333, 1.0833333333333333, 0.75], "SC Heerenveen": [0.6666666666666666, 1.8333333333333333, 1.3333333333333333, 0.5], "RKC Waalwijk": [0.25, 1.0833333333333333, 2.4166666666666665, -1.3333333333333333], "AFC Ajax": [0.5416666666666666, 1.6666666666666667, 1.0, 0.6666666666666666], "Heracles Almelo": [0.08333333333333333, 0.3333333333333333, 2.3333333333333335, -2.0], "PEC Zwolle": [0.375, 1.0833333333333333, 2.1666666666666665, -1.0833333333333333], "Sparta Rotterdam": [0.25, 0.9166666666666666, 2.1666666666666665, -1.25], "Gil Vicente FC": [0.3333333333333333, 1.1666666666666667, 1.6666666666666667, -0.5], "Portimonense SC": [0.3333333333333333, 1.25, 2.25, -1.0], "SC Farense": [0.375, 1.0, 1.25, -0.25], "Casa Pia AC": [0.2916666666666667, 0.5, 1.3333333333333333, -0.8333333333333334], "Sporting Clube de Portugal": [0.7916666666666666, 2.75, 1.0, 1.75], "FC Vizela": [0.3333333333333333, 1.3333333333333333, 1.8333333333333333, -0.5], "Brentford FC": [0.4583333333333333, 1.25, 1.4166666666666667, -0.16666666666666666], "Tottenham Hotspur FC": [0.375, 1.0, 1.6666666666666667, -0.6666666666666666], "Chelsea FC": [0.25, 0.9166666666666666, 1.8333333333333333, -0.9166666666666666], "Liverpool FC": [0.5416666666666666, 1.8333333333333333, 1.5, 0.3333333333333333], "RC Celta de Vigo": [0.4166666666666667, 1.4166666666666667, 1.6666666666666667, -0.25],