{
  "league_stats": {
    "B1": {
      "avg_goals": 2.8867313915857604,
      "avg_home_goals": 1.5995145631067962,
      "avg_away_goals": 1.2872168284789645,
      "home_win_rate": 0.436084142394822,
      "draw_rate": 0.2483818770226537,
      "n_matches": 1236
    },
    "D1": {
      "avg_goals": 3.1609477124183005,
      "avg_home_goals": 1.7638888888888888,
      "avg_away_goals": 1.3970588235294117,
      "home_win_rate": 0.4411764705882353,
      "draw_rate": 0.25,
      "n_matches": 1224
    },
    "D2": {
      "avg_goals": 2.994281045751634,
      "avg_home_goals": 1.6339869281045751,
      "avg_away_goals": 1.3602941176470589,
      "home_win_rate": 0.42892156862745096,
      "draw_rate": 0.2581699346405229,
      "n_matches": 1224
    },
    "E0": {
      "avg_goals": 2.971052631578947,
      "avg_home_goals": 1.6151315789473684,
      "avg_away_goals": 1.355921052631579,
      "home_win_rate": 0.4453947368421053,
      "draw_rate": 0.23026315789473684,
      "n_matches": 1520
    },
    "E1": {
      "avg_goals": 2.5181159420289854,
      "avg_home_goals": 1.4139492753623188,
      "avg_away_goals": 1.1041666666666667,
      "home_win_rate": 0.44021739130434784,
      "draw_rate": 0.2595108695652174,
      "n_matches": 2208
    },
    "F1": {
      "avg_goals": 2.8214285714285716,
      "avg_home_goals": 1.532069970845481,
      "avg_away_goals": 1.2893586005830904,
      "home_win_rate": 0.42857142857142855,
      "draw_rate": 0.2456268221574344,
      "n_matches": 1372
    },
    "F2": {
      "avg_goals": 2.42560553633218,
      "avg_home_goals": 1.3460207612456747,
      "avg_away_goals": 1.0795847750865053,
      "home_win_rate": 0.43321799307958475,
      "draw_rate": 0.2698961937716263,
      "n_matches": 1445
    },
    "G1": {
      "avg_goals": 2.5320041972717733,
      "avg_home_goals": 1.3830010493179434,
      "avg_away_goals": 1.14900314795383,
      "home_win_rate": 0.4197271773347324,
      "draw_rate": 0.25813221406086045,
      "n_matches": 953
    },
    "I1": {
      "avg_goals": 2.65,
      "avg_home_goals": 1.4223684210526315,
      "avg_away_goals": 1.2276315789473684,
      "home_win_rate": 0.4072368421052632,
      "draw_rate": 0.275,
      "n_matches": 1520
    },
    "I2": {
      "avg_goals": 2.451973684210526,
      "avg_home_goals": 1.3421052631578947,
      "avg_away_goals": 1.1098684210526315,
      "home_win_rate": 0.39342105263157895,
      "draw_rate": 0.3223684210526316,
      "n_matches": 1520
    },
    "N1": {
      "avg_goals": 3.0359477124183005,
      "avg_home_goals": 1.690359477124183,
      "avg_away_goals": 1.3455882352941178,
      "home_win_rate": 0.4411764705882353,
      "draw_rate": 0.2369281045751634,
      "n_matches": 1224
    },
    "P1": {
      "avg_goals": 2.6413398692810457,
      "avg_home_goals": 1.4583333333333333,
      "avg_away_goals": 1.1830065359477124,
      "home_win_rate": 0.43790849673202614,
      "draw_rate": 0.24183006535947713,
      "n_matches": 1224
    },
    "SC0": {
      "avg_goals": 2.781798245614035,
      "avg_home_goals": 1.5789473684210527,
      "avg_away_goals": 1.2028508771929824,
      "home_win_rate": 0.46271929824561403,
      "draw_rate": 0.2324561403508772,
      "n_matches": 912
    },
    "SP1": {
      "avg_goals": 2.569736842105263,
      "avg_home_goals": 1.4532894736842106,
      "avg_away_goals": 1.1164473684210525,
      "home_win_rate": 0.4493421052631579,
      "draw_rate": 0.2657894736842105,
      "n_matches": 1520
    },
    "SP2": {
      "avg_goals": 2.3062770562770565,
      "avg_home_goals": 1.3387445887445888,
      "avg_away_goals": 0.9675324675324676,
      "home_win_rate": 0.4518398268398268,
      "draw_rate": 0.30303030303030304,
      "n_matches": 1848
    },
    "T1": {
      "avg_goals": 2.8905817174515236,
      "avg_home_goals": 1.6232686980609419,
      "avg_away_goals": 1.2673130193905817,
      "home_win_rate": 0.46537396121883656,
      "draw_rate": 0.23822714681440443,
      "n_matches": 1444
    }
  },
  "team_features": {
    "Algeria": [
      2.7530545112781954,
      0.4326362781954887,
      4.0,
      11.012218045112782
    ],
    "Argentina": [
      2.7530545112781954,
      0.4326362781954888,
      4.0,
      11.012218045112782
    ],
    "Australia": [
      2.8267070863433092,
      0.44117389060887513,
      5.0,
      14.133535431716545
    ],
    "Austria": [
      3.066000171998624,
      0.4432856037151703,
      2.0,
      6.132000343997248
    ],
    "Belgium": [
      2.8867313915857604,
      0.436084142394822,
      1.0,
      2.8867313915857604
    ],
    "Bosnia and Herzegovina": [
      2.8346331515062166,
      0.43434431667403806,
      5.0,
      14.173165757531084
    ],
    "Brazil": [
      2.7307115828787656,
      0.43369072190279623,
      5.0,
      13.653557914393827
    ],
    "Canada": [
      2.7530545112781954,
      0.4326362781954887,
      4.0,
      11.012218045112782
    ],
    "Cape Verde": [
      2.677501760938293,
      0.4386073435222042,
      3.0,
      8.03250528281488
    ],
    "Colombia": [
      2.7530545112781954,
      0.4326362781954887,
      4.0,
      11.012218045112782
    ],
    "Croatia": [
      2.837934296525628,
      0.43578753869969045,
      4.0,
      11.351737186102511
    ],
    "Curacao": [
      2.8589123953675037,
      0.44530443756449944,
      3.0,
      8.57673718610251
    ],
    "Czech Republic": [
      2.9273334479990827,
      0.4312693498452012,
      3.0,
      8.782000343997248
    ],
    "DR Congo": [
      2.8346331515062166,
      0.43434431667403806,
      5.0,
      14.173165757531084
    ],
    "Ecuador": [
      2.7530545112781954,
      0.4326362781954887,
      4.0,
      11.012218045112782
    ],
    "Egypt": [
      2.7530545112781954,
      0.4326362781954887,
      4.0,
      11.012218045112782
    ],
    "England": [
      2.971052631578947,
      0.4453947368421053,
      1.0,
      2.971052631578947
    ],
    "France": [
      2.8214285714285716,
      0.42857142857142855,
      1.0,
      2.8214285714285716
    ],
    "Germany": [
      3.1609477124183005,
      0.4411764705882353,
      1.0,
      3.1609477124183005
    ],
    "Ghana": [
      2.8346331515062166,
      0.43434431667403806,
      5.0,
      14.173165757531084
    ],
    "Haiti": [
      2.7874060150375937,
      0.44110275689223055,
      3.0,
      8.362218045112781
    ],
    "Iran": [
      2.99734415696103,
      0.4390797766475011,
      4.0,
      11.98937662784412
    ],
    "Iraq": [
      2.837934296525628,
      0.4357875386996904,
      4.0,
      11.351737186102511
    ],
    "Ivory Coast": [
      2.7530545112781954,
      0.4326362781954887,
      4.0,
      11.012218045112782
    ],
    "Japan": [
      2.8681855783248973,
      0.43548300899307096,
      6.0,
      17.209113469949383
    ],
    "Jordan": [
      2.7874060150375937,
      0.44110275689223055,
      3.0,
      8.362218045112781
    ],
    "Mexico": [
      2.7307115828787656,
      0.43369072190279623,
      5.0,
      13.653557914393827
    ],
    "Morocco": [
      2.8346331515062166,
      0.43434431667403806,
      5.0,
      14.173165757531084
    ],
    "Netherlands": [
      3.0359477124183005,
      0.4411764705882353,
      1.0,
      3.0359477124183005
    ],
    "New Zealand": [
      2.8708838579291363,
      0.4496581527347781,
      4.0,
      11.483535431716545
    ],
    "Norway": [
      2.99734415696103,
      0.4390797766475011,
      4.0,
      11.98937662784412
    ],
    "Panama": [
      2.7530545112781954,
      0.4326362781954887,
      4.0,
      11.012218045112782
    ],
    "Paraguay": [
      2.680388471177945,
      0.4283834586466166,
      3.0,
      8.041165413533834
    ],
    "Portugal": [
      2.6413398692810457,
      0.43790849673202614,
      1.0,
      2.6413398692810457
    ],
    "Qatar": [
      2.9005790620341703,
      0.44530443756449944,
      3.0,
      8.70173718610251
    ],