{
  "timestamp": "2026-06-14T09:39:05.586831",
  "n_samples": 510,
  "n_features": 30,
  "cv_scores": [
    {
      "fold": 0,
      "brier": 0.7602837324107014,
      "acc": 0.7322834645669292
    },
    {
      "fold": 1,
      "brier": 1.1307274737196116,
      "acc": 0.5984251968503937
    },
    {
      "fold": 2,
      "brier": 1.6382745162419472,
      "acc": 0.5984251968503937
    }
  ],
  "mean_log_loss": 1.1764285741240867,
  "mean_acc": 0.6430446194225722,
  "feature_importance": {
    "elo_diff": 0.05145317316055298,
    "lam_h": 0.05307306721806526,
    "lam_a": 0.09464935213327408,
    "lam_diff": 0.064634770154953,
    "lam_ratio": 0.15449517965316772,
    "dc_a": 0.11166328936815262,
    "dc_d": 0.07082799822092056,
    "dc_h": 0.14756691455841064,
    "fh5_wr": 0.0,
    "fa5_wr": 0.0,
    "fh5_gf_fa5_ga": 0.0,
    "fa5_gf_fh5_wr": 0.0,
    "fh5_gf_fa5_gf": 0.0,
    "fh5_wr_fa5_wr": 0.0,
    "bias": 0.0,
    "h2h_gd": 0.0,
    "tier_major": 0.0,
    "tier_friendly": 0.0,
    "fh12_gf_fa12_ga": 0.0,
    "fa12_gf_fh12_wr": 0.0,
    "op_h": 0.059458862990140915,
    "op_a": 0.04747213050723076,
    "op_0": 0.0,
    "fh5_gf": 0.0,
    "fh5_ga": 0.0,
    "fa5_gf": 0.0,
    "fa5_ga": 0.0,
    "fh5_wr3": 0.0,
    "fa5_wr3": 0.0,
    "market_implied": 0.14470525085926056
  }
}