{
  "ts": "2026-06-06T09:47:00.289142",
  "editions": [
    1986,
    1990,
    1994,
    1998,
    2002,
    2006,
    2010,
    2014,
    2018,
    2022
  ],
  "results": [
    {
      "year": 1986,
      "n": 52,
      "elo": {
        "acc": 0.4807692307692308,
        "brier": 0.2242779202546226
      },
      "dc": {
        "acc": 0.4807692307692308,
        "brier": 0.18637133307819365
      },
      "xgb29": {
        "acc": 0.46153846153846156,
        "brier": 0.2016764705833869
      },
      "stack": {
        "acc": 0.5192307692307693,
        "brier": 0.19331379857074657
      },
      "hcap_dc": 0.6538461538461539,
      "hcap_elo": 0.5769230769230769,
      "base": [
        0.38461538461538464,
        0.3076923076923077,
        0.3076923076923077
      ]
    },
    {
      "year": 1990,
      "n": 52,
      "elo": {
        "acc": 0.46153846153846156,
        "brier": 0.2311437258564316
      },
      "dc": {
        "acc": 0.4230769230769231,
        "brier": 0.2178833604871218
      },
      "xgb29": {
        "acc": 0.5,
        "brier": 0.2077524884873548
      },
      "stack": {
        "acc": 0.5,
        "brier": 0.2091253464722824
      },
      "hcap_dc": 0.5,
      "hcap_elo": 0.5384615384615384,
      "base": [
        0.46153846153846156,
        0.3076923076923077,
        0.23076923076923078
      ]
    },
    {
      "year": 1994,
      "n": 52,
      "elo": {
        "acc": 0.5769230769230769,
        "brier": 0.20184949606568225
      },
      "dc": {
        "acc": 0.5192307692307693,
        "brier": 0.19781437350629405
      },
      "xgb29": {
        "acc": 0.5576923076923077,
        "brier": 0.19901364837771168
      },
      "stack": {
        "acc": 0.5769230769230769,
        "brier": 0.1967051575573403
      },
      "hcap_dc": 0.5384615384615384,
      "hcap_elo": 0.5192307692307693,
      "base": [
        0.4807692307692308,
        0.23076923076923078,
        0.28846153846153844
      ]
    },
    {
      "year": 1998,
      "n": 64,
      "elo": {
        "acc": 0.484375,
        "brier": 0.20344970005262908
      },
      "dc": {
        "acc": 0.53125,
        "brier": 0.19074618270750718
      },
      "xgb29": {
        "acc": 0.53125,
        "brier": 0.20199589329111822
      },
      "stack": {
        "acc": 0.53125,
        "brier": 0.19874826179416835
      },
      "hcap_dc": 0.640625,
      "hcap_elo": 0.609375,
      "base": [
        0.421875,
        0.3125,
        0.265625
      ]
    },
    {
      "year": 2002,
      "n": 64,
      "elo": {
        "acc": 0.453125,
        "brier": 0.23018171663218548
      },
      "dc": {
        "acc": 0.453125,
        "brier": 0.2230140910604224
      },
      "xgb29": {
        "acc": 0.46875,
        "brier": 0.22293291594421624
      },
      "stack": {
        "acc": 0.421875,
        "brier": 0.22692318378099063
      },
      "hcap_dc": 0.546875,
      "hcap_elo": 0.59375,
      "base": [
        0.40625,
        0.296875,
        0.296875
      ]
    },
    {
      "year": 2006,
      "n": 64,
      "elo": {
        "acc": 0.59375,
        "brier": 0.1871908963005037
      },
      "dc": {
        "acc": 0.53125,
        "brier": 0.18301241846357438
      },
      "xgb29": {
        "acc": 0.625,
        "brier": 0.1764133659835911
      },
      "stack": {
        "acc": 0.609375,
        "brier": 0.17045162690187507
      },
      "hcap_dc": 0.59375,
      "hcap_elo": 0.53125,
      "base": [
        0.484375,
        0.265625,
        0.25
      ]
    },
    {
      "year": 2010,
      "n": 64,
      "elo": {
        "acc": 0.5,
        "brier": 0.21900943127033312
      },
      "dc": {
        "acc": 0.515625,
        "brier": 0.20302317156086247
      },
      "xgb29": {
        "acc": 0.5,
        "brier": 0.2113822778995552
      },
      "stack": {
        "acc": 0.484375,
        "brier": 0.21295598164826332
      },
      "hcap_dc": 0.625,
      "hcap_elo": 0.640625,
      "base": [
        0.359375,
        0.28125,
        0.359375
      ]
    },
    {
      "year": 2014,
      "n": 64,
      "elo": {
        "acc": 0.515625,
        "brier": 0.21499562310262868
      },
      "dc": {
        "acc": 0.5,
        "brier": 0.20202257637270937
      },
      "xgb29": {
        "acc": 0.53125,
        "brier": 0.1972925364512036
      },
      "stack": {
        "acc": 0.53125,
        "brier": 0.2010213263024504
      },
      "hcap_dc": 0.59375,
      "hcap_elo": 0.625,
      "base": [
        0.375,
        0.265625,
        0.359375
      ]
    },
    {
      "year": 2018,
      "n": 64,
      "elo": {
        "acc": 0.53125,
        "brier": 0.19512139622418376
      },
      "dc": {
        "acc": 0.59375,
        "brier": 0.18552104610202047
      },
      "xgb29": {
        "acc": 0.53125,
        "brier": 0.2013901026567606
      },
      "stack": {
        "acc": 0.546875,
        "brier": 0.197436146406665
      },
      "hcap_dc": 0.640625,
      "hcap_elo": 0.609375,
      "base": [
        0.390625,
        0.21875,
        0.390625
      ]
    },
    {
      "year": 2022,
      "n": 64,
      "elo": {
        "acc": 0.5625,
        "brier": 0.20346717013968807
      },
      "dc": {
        "acc": 0.546875,
        "brier": 0.19964726502090605
      },
      "xgb29": {
        "acc": 0.515625,
        "brier": 0.19737202458596237
      },
      "stack": {
        "acc": 0.546875,
        "brier": 0.1989216185993622
      },
      "hcap_dc": 0.609375,
      "hcap_elo": 0.546875,
      "base": [
        0.453125,
        0.234375,
        0.3125
      ]
    }
  ],
  "note": "29 features + LR stacking meta-learner"
}