{
  "周六201": {
    "spf": "负",
    "spf_probs": {
      "胜": 0.2134851936218679,
      "平": 0.2495671981776766,
      "负": 0.5369476082004556
    },
    "rq": "让胜",
    "rq_probs": {
      "让胜": 0.45452432799979353,
      "让平": 0.27022025597548693,
      "让负": 0.27525541602471965
    },
    "scores": [
      "1:1",
      "0:1",
      "1:2",
      "0:2",
      "1:0",
      "2:1",
      "0:0",
      "2:2"
    ],
    "score_probs": {
      "1:1": 0.11272899244465295,
      "0:1": 0.10460550269122307,
      "1:2": 0.08947904391379759,
      "0:2": 0.08530596147692338,
      "1:0": 0.07756705244430728,
      "2:1": 0.06983008970624631,
      "0:0": 0.06507000098401085,
      "2:2": 0.049044259869438986
    },
    "size": "大2.5",
    "size_probs": {
      "大2.5": 0.5077535874116614,
      "小2.5": 0.49224641258833857
    },
    "htft": "负负",
    "htft_probs": {
      "负负": 0.16503743455181996,
      "平负": 0.15744711120671798,
      "胜胜": 0.13305137606932957,
      "胜负": 0.12514769647756216,
      "平平": 0.10783891051798436,
      "平胜": 0.10659047598613589
    }
  },
  "周六202": {
    "spf": "负",
    "spf_probs": {
      "胜": 0.205911010068204,
      "平": 0.27931146476128615,
      "负": 0.51477752517051
    },
    "rq": "让胜",
    "rq_probs": {
      "让胜": 0.47865790669807023,
      "让平": 0.2767241023098219,
      "让负": 0.2446179909921078
    },
    "scores": [
      "1:1",
      "0:1",
      "1:2",
      "0:2",
      "1:0",
      "0:0",
      "2:1",
      "2:2"
    ],
    "score_probs": {
      "1:1": 0.1168078572246184,
      "0:1": 0.10653093817313794,
      "1:2": 0.08640561109646588,
      "0:2": 0.08431070408345101,
      "1:0": 0.08066131430130177,
      "0:0": 0.0711930988398317,
      "2:1": 0.06918741693514821,
      "2:2": 0.04909398718744797
    },
    "size": "小2.5",
    "size_probs": {
      "大2.5": 0.4875563670886273,
      "小2.5": 0.5124436329113726
    },
    "htft": "负负",
    "htft_probs": {
      "负负": 0.15935959458957352,
      "平负": 0.14976027796730787,
      "胜胜": 0.135629206089415,
      "胜负": 0.11838997766366996,
      "平平": 0.11642527449868445,
      "平胜": 0.10243632261504144
    }
  },
  "周六203": {
    "spf": "负",
    "spf_probs": {
      "胜": 0.2360544644537868,
      "平": 0.29804856622952874,
      "负": 0.46589696931668445
    },
    "rq": "让胜",
    "rq_probs": {
      "让胜": 0.5175851043821704,
      "让平": 0.27658454015422235,
      "让负": 0.2058303554636073
    },
    "scores": [
      "1:1",
      "0:1",
      "1:0",
      "1:2",
      "0:0",
      "2:1",
      "0:2",
      "2:0"
    ],
    "score_probs": {
      "1:1": 0.1207366739613898,
      "0:1": 0.10986216188274178,
      "1:0": 0.09668130833815498,
      "1:2": 0.08269008658736718,
      "0:0": 0.0826400331182535,
      "2:1": 0.07647423069790012,
      "0:2": 0.07576294596069322,
      "2:0": 0.05589328978707426
    },
    "size": "小2.5",
    "size_probs": {
      "大2.5": 0.452414283740091,
      "小2.5": 0.5475857162599089
    },
    "htft": "胜胜",
    "htft_probs": {
      "胜胜": 0.14855246777826392,
      "负负": 0.13714403827654095,
      "平负": 0.13233886576486525,
      "平平": 0.12524501775073457,
      "平胜": 0.1178312219821318,
      "胜负": 0.10839152227254521
    }
  },
  "周六204": {
    "spf": "负",
    "spf_probs": {
      "胜": 0.19681250426592045,
      "平": 0.24264555320455944,
      "负": 0.5605419425295202
    },
    "rq": "让胜",
    "rq_probs": {
      "让胜": 0.433904236703961,
      "让平": 0.30107640914152395,
      "让负": 0.26501935415451516
    },
    "scores": [
      "1:1",
      "0:1",
      "0:2",
      "1:2",
      "1:0",
      "0:0",
      "2:1",
      "0:3"
    ],
    "score_probs": {
      "1:1": 0.1167616129675182,
      "0:1": 0.11601400679736265,
      "0:2": 0.0932945847405721,
      "1:2": 0.08865059454612492,
      "1:0": 0.07870428094281097,
      "0:0": 0.07522875868530654,
      "2:1": 0.06379320429398089,
      "0:3": 0.05143884357270153
    },
    "size": "小2.5",
    "size_probs": {
      "大2.5": 0.4734500416534017,
      "小2.5": 0.5265499583465982
    },
    "htft": "负负",
    "htft_probs": {
      "负负": 0.16875060171340772,
      "平负": 0.15987429078092688,
      "胜胜": 0.13220258586979722,
      "胜负": 0.12704008914781983,
      "平平": 0.11561523203259597,
      "平胜": 0.10042567394985975
    }
  },
  "周六205": {
    "spf": "负",
    "spf_probs": {
      "胜": 0.28757854035766073,
      "平": 0.26051232479458675,
      "负": 0.45190913484775264
    },
    "rq": "让胜",
    "rq_probs": {
      "让胜": 0.5436713744773254,
      "让平": 0.24279023024603846,
      "让负": 0.2135383952766362
    },
    "scores": [
      "1:1",
      "1:2",
      "2:1",
      "0:1",
      "1:0",
      "0:2",
      "2:2",
      "2:0"
    ],
    "score_probs": {
      "1:1": 0.10790450457724342,
      "1:2": 0.08325932297431676,
      "2:1": 0.083106333953325,
      "0:1": 0.07700839502541376,
      "1:0": 0.07693459491433768,
      "0:2": 0.061959978970540626,
      "2:2": 0.05937063552427099,
      "2:0": 0.05389917444570881
    },
    "size": "大2.5",
    "size_probs": {
      "大2.5": 0.5685529067253694,
      "小2.5": 0.4314470932746306
    },
    "htft": "胜胜",
    "htft_probs": {
      "胜胜": 0.16899511975611126,
      "负负": 0.13679233219747466,
      "平负": 0.12924084084434512,
      "平胜": 0.12696503001186618,
      "胜负": 0.10655536319754716,
      "平平": 0.10486216605221756
    }
  },
  "周六206": {
    "spf": "胜",
    "spf_probs": {
      "胜": 0.5574858683814758,
      "平": 0.23637400819374582,
      "负": 0.20614012342477833
    },
    "rq": "让负",
    "rq_probs": {
      "让胜": 0.29509293156857225,
      "让平": 0.2666502393691918,
      "让负": 0.438256829062236
    },
    "scores": [
      "1:1",
      "2:1",
      "1:0",
      "2:0",
      "1:2",
      "2:2",
      "3:1",
      "0:1"
    ],
    "score_probs": {
      "1:1": 0.09714997201798736,
      "2:1": 0.09193327743283256,
      "1:0": 0.07677916523007972,
      "2:0": 0.07528576412372076,
      "1:2": 0.06706157192540486,
      "2:2": 0.05926051548333176,
      "3:1": 0.0586075020369467,
      "0:1": 0.05453534080607093
    },
    "size": "大2.5",
    "size_probs": {
      "大2.5": 0.615807198296708,
      "小2.5": 0.38419280170329195
    },
    "htft": "胜胜",
    "htft_probs": {
      "胜胜": 0.17271096710319936,
      "平胜": 0.16039555074706713,
      "负负": 0.14040112673692776,
      "负胜": 0.12919912579405787,
      "平负": 0.10306909176361975,
      "平平": 0.09515154869708047
    }
  }
}