{
  "周日201": {
    "match": "Croatia vs Slovenia",
    "rangqiu": -1,
    "spf_market": {
      "胜": 0.4479825177554047,
      "平": 0.2815890111605401,
      "负": 0.27042847108405527
    },
    "rq_market": {
      "让胜": 0.7138868816921764,
      "让平": 0.19243907245615188,
      "让负": 0.09367404585167181
    },
    "jqs_market": {
      "0球": 0.06379532858564331,
      "1球": 0.16613366819177947,
      "2球": 0.23454164921192394,
      "3球": 0.23114249487551924,
      "4球": 0.15189363948962692,
      "5球": 0.08394122182321488,
      "6球": 0.04197061091160744,
      "7+球": 0.02658138691068471
    },
    "score_market_top8": [
      [
        "1:0",
        0.15774628233865418
      ],
      [
        "2:0",
        0.12426432609402152
      ],
      [
        "1:1",
        0.10517668281693371
      ],
      [
        "0:0",
        0.1029804503094483
      ],
      [
        "2:1",
        0.08923101291537543
      ],
      [
        "3:0",
        0.07005049525134083
      ],
      [
        "0:1",
        0.06865129754418421
      ],
      [
        "3:1",
        0.048735382516654824
      ]
    ],
    "htft_market_top6": [
      [
        "胜胜",
        0.29230836818951356
      ],
      [
        "平胜",
        0.2152801954006091
      ],
      [
        "负胜",
        0.14283405581952766
      ],
      [
        "平平",
        0.08819481520145077
      ],
      [
        "胜平",
        0.06272266176027107
      ],
      [
        "负平",
        0.06272266176027107
      ]
    ],
    "spf_final": {
      "胜": 0.617596503551081,
      "平": 0.23031780223210804,
      "负": 0.15208569421681106
    },
    "gate": "✅ 推荐",
    "margin": 38.72787013189729,
    "lambda": {
      "home": 1.4,
      "away": 0.66
    },
    "total_goals_final": {
      "0": 0.10517344543660866,
      "1": 0.2288076495562878,
      "2": 0.2578702688840133,
      "3": 0.20160261481285513,
      "4": 0.11532468574867749,
      "5": 0.05499013535217613,
      "6": 0.023482723467553417,
      "7": 0.01016081961670076
    }
  },
  "周日202": {
    "match": "Morocco vs Norway",
    "rangqiu": 1,
    "spf_market": {
      "胜": 0.5684039627580265,
      "平": 0.2429342964116497,
      "负": 0.18866174083032372
    },
    "rq_market": {
      "让胜": 0.2810851851349703,
      "让平": 0.30322545656683436,
      "让负": 0.4156893582981955
    },
    "jqs_market": {
      "0球": 0.06644842002815911,
      "1球": 0.17334370442128466,
      "2球": 0.24534801241166443,
      "3球": 0.2278231543822598,
      "4球": 0.14630844776842372,
      "5球": 0.07594105146075326,
      "6球": 0.03986905201689547,
      "7+球": 0.024918157510559667
    },
    "score_market_top8": [
      [
        "1:1",
        0.1275237003200958
      ],
      [
        "1:0",
        0.12199446730678844
      ],
      [
        "0:1",
        0.11925272444487997
      ],
      [
        "0:0",
        0.11234821230549034
      ],
      [
        "1:2",
        0.07393012020261838
      ],
      [
        "2:1",
        0.07068092298519729
      ],
      [
        "2:0",
        0.06517195828379314
      ],
      [
        "0:2",
        0.06510179337742014
      ]
    ],
    "htft_market_top6": [
      [
        "胜胜",
        0.15798640333805922
      ],
      [
        "平胜",
        0.14627033774800013
      ],
      [
        "负负",
        0.14530846976290915
      ],
      [
        "平负",
        0.12276007079632952
      ],
      [
        "负胜",
        0.11149474511037548
      ],
      [
        "平平",
        0.10396309921994204
      ]
    ],
    "spf_final": {
      "胜": 0.4817807925516053,
      "平": 0.21808685928232993,
      "负": 0.30063234816606477
    },
    "gate": "✅ 推荐",
    "margin": 18.11484443855405,
    "lambda": {
      "home": 1.03,
      "away": 0.93
    },
    "total_goals_final": {
      "0": 0.11481492060853492,
      "1": 0.24012392480086098,
      "2": 0.2617363600324257,
      "3": 0.19463628041684178,
      "4": 0.10750806314664321,
      "5": 0.04864900973092005,
      "6": 0.021163584501001174,
      "7": 0.009349220200147754
    }
  },
  "周日203": {
    "match": "Greece vs Italy",
    "rangqiu": -1,
    "spf_market": {
      "胜": 0.19888529144480188,
      "平": 0.24448606268767087,
      "负": 0.5566286458675272
    },
    "rq_market": {
      "让胜": 0.43173374268615544,
      "让平": 0.2855013459698769,
      "让负": 0.2827649113439676
    },
    "jqs_market": {
      "0球": 0.07605368523375206,
      "1球": 0.19013421308438017,
      "2球": 0.24955115467324895,
      "3球": 0.22182324859844355,
      "4球": 0.13768339568179255,
      "5球": 0.06654697457953306,
      "6球": 0.03472016065019116,
      "7+球": 0.023487167498658725
    },
    "score_market_top8": [
      [
        "1:1",
        0.11928533175178166
      ],
      [
        "1:0",
        0.09704024600147287
      ],
      [
        "0:1",
        0.09375914015286292
      ],
      [
        "2:1",
        0.08481351968558692
      ],
      [
        "1:2",
        0.0801051336067777
      ],
      [
        "0:0",
        0.07411281804135242
      ],
      [
        "2:0",
        0.06514701319568694
      ],
      [
        "0:2",
        0.05991226265558378
      ]
    ],
    "htft_market_top6": [
      [
        "负负",
        0.16813540861028708
      ],
      [
        "平负",
        0.15884409793327955
      ],
      [
        "胜胜",
        0.13949709841184152
      ],
      [
        "胜负",
        0.12244743327545032
      ],
      [
        "平胜",
        0.10825220586268851
      ],
      [
        "平平",
        0.10543203267889605
      ]
    ],
    "spf_final": {
      "胜": 0.2372216137335158,
      "平": 0.22446064910097074,
      "负": 0.5383177371655135
    },
    "gate": "✅ 推荐",
    "margin": 30.109612343199764,
    "lambda": {
      "home": 1.22,
      "away": 1.34
    },
    "total_goals_final": {
      "0": 0.07686687111995805,
      "1": 0.19518206267718385,
      "2": 0.2519958169006301,
      "3": 0.21814195590224927,
      "4": 0.1381116325800156,
      "5": 0.06933173247762733,
      "6": 0.03179591388081096,
      "7": 0.011389975091195681
    }
  },
  "周日204": {
    "match": "Colombia vs Jordan",
    "rangqiu": -2,
    "spf_market": {
      "胜": 0.3341046212399715,
      "平": 0.2361005990095798,
      "负": 0.42979477975044866
    },
    "rq_market": {
      "让胜": 0.7707977756978472,
      "让平": 0.15828882893795077,
      "让负": 0.07091339536420194
    },
    "jqs_market": {
      "0球": 0.04433120960871932,
      "1球": 0.12870351176724965,
      "2球": 0.20460558280947383,
      "3球": 0.24180659786574177,
      "4球": 0.1813549483993063,
      "5球": 0.10230279140473691,
      "6球": 0.05699726949692484,
      "7+球": 0.03989808864784739
    },
    "score_market_top8": [
      [
        "2:0",
        0.11563042248693603
      ],
      [
        "3:0",
        0.1098252182167789
      ],
      [
        "2:1",
        0.08878228597922747
      ],
      [
        "1:0",
        0.08508733223098425
      ],
      [
        "3:1",
        0.08251921526890657
      ],
      [
        "4:0",
        0.0804217140420379
      ],
      [
        "4:1",
        0.0603610058332551
      ],
      [
        "1:1",
        0.058380745973296996
      ]
    ],
    "htft_market_top6": [
      [
        "胜胜",
        0.290819300007914
      ],
      [
        "平胜",
        0.18660133263758227
      ],
      [
        "负胜",
        0.1148056062377218
      ],
      [
        "平平",
        0.07729901720207627
      ],
      [
        "平负",
        0.07664052978972087
      ],
      [
        "负负",
        0.07633993367237826
      ]
    ],
    "spf_final": {
      "胜": 0.48902092424799426,
      "平": 0.20962011980191597,
      "负": 0.3018589559500897
    },
    "gate": "✅ 推荐",
    "margin": 18.716196829790455,
    "lambda": {
      "home": 3.11,
      "away": 0.79
    },
    "total_goals_final": {
      "0": 0.028673165802824616,
      "1": 0.0963594746336515,
      "2": 0.17167278273778838,
      "3": 0.21471138663382394,
      "4": 0.19030133238605118,