{
  "周日041": {
    "match": "Croatia vs Slovenia",
    "spf": "胜",
    "spf_probs": {
      "胜": 0.6555253999766437,
      "平": 0.21802662618241272,
      "负": 0.1264479738409436
    },
    "rq": "让胜",
    "rq_probs": {
      "让胜": 0.8055253999766437,
      "让平": 0.14302662618241274,
      "让负": 0.05144797384094352
    },
    "scores": [
      "1:0",
      "0:0",
      "2:0",
      "1:1",
      "0:1",
      "2:1",
      "3:0",
      "1:2"
    ],
    "score_probs": {
      "1:0": 0.17950827099354202,
      "0:0": 0.12914264100254821,
      "2:0": 0.12475824834051169,
      "1:1": 0.11847545885573776,
      "0:1": 0.08523414306168184,
      "2:1": 0.08234044390473773,
      "3:0": 0.05780465506443707,
      "1:2": 0.039096901422393464
    },
    "size": "小2.5",
    "size_prob": 0.33557468769421894,
    "htft": "平胜",
    "htft_probs": {
      "平胜": 0.22287863599205887,
      "胜胜": 0.21632338199229242,
      "负胜": 0.21632338199229242,
      "平平": 0.07412905290202033,
      "胜平": 0.0719487866401962,
      "负平": 0.0719487866401962,
      "平负": 0.04299231110592083,
      "胜负": 0.041727831367511396,
      "负负": 0.041727831367511396
    },
    "gate": "✅ 推荐",
    "margin": 43.7498773794231
  },
  "周日042": {
    "match": "Morocco vs Norway",
    "spf": "胜",
    "spf_probs": {
      "胜": 0.4517628959276019,
      "平": 0.22660859728506788,
      "负": 0.3221285067873303
    },
    "rq": "让负",
    "rq_probs": {
      "让胜": 0.32162850678733024,
      "让平": 0.22660859728506788,
      "让负": 0.4517628959276019
    },
    "scores": [
      "1:0",
      "0:0",
      "1:1",
      "0:1",
      "2:0",
      "2:1",
      "1:2",
      "0:2"
    ],
    "score_probs": {
      "1:0": 0.14524383891909373,
      "0:0": 0.14101343584378032,
      "1:1": 0.1350767701947572,
      "0:1": 0.13114249533471573,
      "2:0": 0.07480057704333327,
      "2:1": 0.06956453665029995,
      "1:2": 0.0628106981405621,
      "0:2": 0.06098126033064281
    },
    "size": "小2.5",
    "size_prob": 0.3115322729047916,
    "htft": "平胜",
    "htft_probs": {
      "平胜": 0.15352262330373276,
      "胜胜": 0.14900725203009355,
      "负胜": 0.14900725203009355,
      "平负": 0.1094689578287779,
      "胜负": 0.10624928259851972,
      "负负": 0.10624928259851972,
      "平平": 0.07700841886748933,
      "胜平": 0.0747434653713867,
      "负平": 0.0747434653713867
    },
    "gate": "✅ 推荐",
    "margin": 12.963438914027158
  },
  "周日043": {
    "match": "Greece vs Italy",
    "spf": "负",
    "spf_probs": {
      "胜": 0.23830292454326787,
      "平": 0.2296406897823207,
      "负": 0.5320563856744114
    },
    "rq": "让胜",
    "rq_probs": {
      "让胜": 0.5320563856744115,
      "让平": 0.2296406897823207,
      "让负": 0.23830292454326787
    },
    "scores": [
      "1:1",
      "0:1",
      "1:0",
      "1:2",
      "0:0",
      "2:1",
      "0:2",
      "2:0"
    ],
    "score_probs": {
      "1:1": 0.12691240789998073,
      "0:1": 0.10402656385244324,
      "1:0": 0.09471075216416473,
      "1:2": 0.08503131329298712,
      "0:0": 0.07763176406898749,
      "2:1": 0.07741656881898827,
      "0:2": 0.06969779778113698,
      "2:0": 0.05777355882014049
    },
    "size": "小2.5",
    "size_prob": 0.46660684828084054,
    "htft": "平负",
    "htft_probs": {
      "平负": 0.18089917112929987,
      "胜负": 0.17557860727255575,
      "负负": 0.17557860727255575,
      "平胜": 0.08102299434471108,
      "胜胜": 0.0786399650992784,
      "负胜": 0.0786399650992784,
      "平平": 0.07807783452598904,
      "胜平": 0.07578142762816584,
      "负平": 0.07578142762816584
    },
    "gate": "✅ 推荐",
    "margin": 29.375346113114354
  },
  "周日046": {
    "match": "Colombia vs Jordan",
    "spf": "胜",
    "spf_probs": {
      "胜": 0.5760461538461539,
      "平": 0.1931692307692308,
      "负": 0.2312846153846154
    },
    "rq": "让胜",
    "rq_probs": {
      "让胜": 0.85,
      "让平": 0.1,
      "让负": 0.05000000000000002
    },
    "scores": [
      "3:0",
      "2:0",
      "3:1",
      "4:0",
      "2:1",
      "1:0",
      "4:1",
      "1:1"
    ],
    "score_probs": {
      "3:0": 0.11220325046930875,
      "2:0": 0.10823464675496022,
      "3:1": 0.0886405678707539,
      "4:0": 0.08723802723988756,
      "2:1": 0.08550537093641856,
      "1:0": 0.06960427444048889,
      "4:1": 0.06891804151951117,
      "1:1": 0.054987376807986224
    },
    "size": "大2.5",
    "size_prob": 0.7014733666863467,
    "htft": "平胜",
    "htft_probs": {
      "平胜": 0.19575781340099183,
      "胜胜": 0.1900002306539038,
      "负胜": 0.1900002306539038,
      "平负": 0.07859747049552147,
      "胜负": 0.07628578018682965,
      "负负": 0.07628578018682965,
      "平平": 0.06564471610348671,
      "胜平": 0.06371398915926653,
      "负平": 0.06371398915926653
    },
    "gate": "✅ 推荐",
    "margin": 34.47615384615384
  }
}